<?xml version="1.0" encoding="UTF-8"?>
<metadata xml:lang="zh"><Esri><CreaDate>20201201</CreaDate><CreaTime>16065800</CreaTime><ArcGISFormat>1.0</ArcGISFormat><SyncOnce>TRUE</SyncOnce><DataProperties><lineage><Process ToolSource="d:\program files\arcgis\pro\Resources\ArcToolbox\toolboxes\Data Management Tools.tbx\CreateTable" Date="20201130" Time="185526">CreateTable F:\GIS_Study\Paper\before2020\paper\同位流模式\张海平英文\时空同位流模式\时空同位流模式\二修数据\data.gdb od_tb # # #</Process><Process ToolSource="d:\program files\arcgis\pro\Resources\ArcToolbox\toolboxes\Data Management Tools.tbx\AddField" Date="20201130" Time="185527">AddField F:\GIS_Study\Paper\before2020\paper\同位流模式\张海平英文\时空同位流模式\时空同位流模式\二修数据\data.gdb\od_tb FLOW_NAME 文本 # # 255 # NULLABLE NON_REQUIRED #</Process><Process ToolSource="d:\program files\arcgis\pro\Resources\ArcToolbox\toolboxes\Data Management Tools.tbx\AddField" Date="20201130" Time="185527">AddField F:\GIS_Study\Paper\before2020\paper\同位流模式\张海平英文\时空同位流模式\时空同位流模式\二修数据\data.gdb\od_tb O_ID 短整型（小整数） # # 255 # NULLABLE NON_REQUIRED #</Process><Process ToolSource="d:\program files\arcgis\pro\Resources\ArcToolbox\toolboxes\Data Management Tools.tbx\AddField" Date="20201130" Time="185528">AddField F:\GIS_Study\Paper\before2020\paper\同位流模式\张海平英文\时空同位流模式\时空同位流模式\二修数据\data.gdb\od_tb D_ID 短整型（小整数） # # 255 # NULLABLE NON_REQUIRED #</Process><Process ToolSource="d:\program files\arcgis\pro\Resources\ArcToolbox\toolboxes\Data Management Tools.tbx\AddField" Date="20201130" Time="185528">AddField F:\GIS_Study\Paper\before2020\paper\同位流模式\张海平英文\时空同位流模式\时空同位流模式\二修数据\data.gdb\od_tb O_DATE 日期 # # 255 # NULLABLE NON_REQUIRED #</Process><Process ToolSource="d:\program files\arcgis\pro\Resources\ArcToolbox\toolboxes\Data Management Tools.tbx\AddField" Date="20201130" Time="185528">AddField F:\GIS_Study\Paper\before2020\paper\同位流模式\张海平英文\时空同位流模式\时空同位流模式\二修数据\data.gdb\od_tb D_DATE 日期 # # 255 # NULLABLE NON_REQUIRED #</Process><Process ToolSource="d:\program files\arcgis\pro\Resources\ArcToolbox\toolboxes\Data Management Tools.tbx\AddField" Date="20201130" Time="185529">AddField F:\GIS_Study\Paper\before2020\paper\同位流模式\张海平英文\时空同位流模式\时空同位流模式\二修数据\data.gdb\od_tb VAL 双精度型（双精度） # # 255 # NULLABLE NON_REQUIRED #</Process></lineage></DataProperties></Esri></metadata>
