OBJECTID,Join_Count,TARGET_FID,adcode,level1,center_lng,center_lat,full_name,short_name,ADMINCODE,TYPE,CITYCODE,cid,Shape_Length,Shape_Area
1,1,1,652900,city,80.260604999999998,41.168779000000001,阿克苏地区,阿克苏,652923,0137,652900,162,2196404.456244760200000,127430289371.369250000000000
2,1,2,659002,city,81.280527000000006,40.547652999999997,阿拉尔市,阿拉尔,659002,0137,659200,164,370140.645976488360000,4344038393.596500400000000
3,1,3,152900,city,105.728956999999990,38.851920999999997,阿拉善盟,阿拉善盟,152922,0137,152900,29,3149691.957413282200000,240005794659.793150000000000
4,1,4,654300,city,88.141253000000006,47.844923999999999,阿勒泰地区,阿勒泰,654324,0137,654300,163,1811256.067410695400000,117718587940.439940000000000
5,1,5,542500,city,80.105804000000006,32.501111000000002,阿里地区,阿里,542524,0137,542500,306,4554734.530514715200000,337208088311.710270000000000
6,1,6,610900,city,109.029113000000000,32.684809999999999,安康市,安康,610923,0137,610900,330,1113831.407745406700000,23542414560.774731000000000
7,1,7,340800,city,117.115101000000000,30.531918999999998,安庆市,安庆,340881,0137,340800,70,731293.452749070480000,15382112771.679449000000000
8,1,8,520400,city,105.947594000000000,26.253088000000002,安顺市,安顺,520421,0137,520400,361,824791.498532768220000,9225570461.026519800000000
9,1,9,410500,city,114.392392000000000,36.097577000000001,安阳市,安阳,410581,0137,410500,205,767769.078303502990000,7359208269.549684500000000
10,1,10,210300,city,122.994328999999990,41.108646999999998,鞍山市,鞍山,210321,0137,210300,326,797931.341352650900000,9286665328.474741000000000
11,1,11,150800,city,107.387657000000000,40.743212999999997,巴彦淖尔市,巴彦淖尔,150824,0137,150800,24,1325553.496132604300000,64899653672.498161000000000
12,1,12,511900,city,106.747477000000000,31.867902999999998,巴中市,巴中,511922,0137,511900,45,725629.754784775670000,12301270820.751970000000000
13,1,13,652800,city,86.145296999999999,41.764114999999997,巴音郭楞蒙古自治州,巴州,652828,0137,652800,159,4176633.502577603800000,470333445199.063780000000000
14,1,14,513200,city,102.224653000000000,31.899412999999999,阿坝藏族羌族自治州,坝州,513225,0137,513200,59,2337999.916376339700000,82778134134.069000000000000
15,1,15,220800,city,122.838714000000000,45.619883999999999,白城市,白城,220821,0137,220800,35,1006340.659154762400000,25722845431.685116000000000
16,1,16,469025,city,109.451483999999990,19.224823000000001,白沙黎族自治县,白沙,469030,0137,468200,244,285953.561851782200000,2122472169.557313400000000
17,1,17,220600,city,126.414730000000010,41.943972000000002,白山市,白山,220621,0137,220600,36,950595.067405139680000,17451616942.228584000000000
18,1,18,620400,city,104.138771000000010,36.545261000000004,白银市,白银,620423,0137,620400,287,974164.038460568640000,20021954842.532417000000000
19,1,19,451000,city,106.618202000000000,23.902329999999999,百色市,百色,451028,0137,451000,142,1824512.971443557400000,36235630759.687752000000000
20,1,20,340300,city,117.388512000000010,32.916629999999998,蚌埠市,蚌埠,340323,0137,340300,79,511130.306441620570000,5960919170.453181300000000
21,1,21,150200,city,109.953504000000000,40.621156999999997,包头市,包头,150223,0137,150200,21,1105659.010465922800000,27780122778.546417000000000
22,1,22,610300,city,107.237742999999990,34.363183999999997,宝鸡市,宝鸡,610327,0137,610300,331,923063.592874202760000,18122887890.504337000000000
23,1,23,130600,city,115.464589000000000,38.874434000000001,保定市,保定,130623,0137,130600,189,946952.830087852430000,22204670011.083424000000000
24,1,24,530500,city,99.161760999999998,25.112045999999999,保山市,保山,530522,0137,530500,4,974641.097943639850000,19062694141.215702000000000
25,1,25,469029,city,109.702590000000000,18.639130000000002,保亭黎族苗族自治县,保亭,469035,0137,468600,234,222151.072848844690000,1163932872.395697800000000
26,1,26,450500,city,109.120161000000000,21.481290999999999,北海市,北海,450521,0137,450500,133,659509.814180998710000,3408824735.635312100000000
27,1,27,110000,city,116.407394000000000,39.904210999999997,北京市,北京,110116,0137,110100,30,889525.447612522980000,16404250125.183725000000000
28,1,28,659004,city,87.837074999999999,47.332642999999997,北屯市,北屯,654324,0137,654300,163,1811256.067410695400000,117718587940.439940000000000
29,1,29,210500,city,123.685142000000000,41.486981000000000,本溪市,本溪,210522,0137,210500,317,751538.798469612610000,8404717977.607668900000000
30,1,30,520500,city,105.291702000000000,27.283908000000000,毕节市,毕节,522424,0137,522400,308,1319439.687351872700000,26852041072.851727000000000
31,1,31,371600,city,117.970699000000000,37.381979999999999,滨州市,滨州,371623,0137,371600,94,779894.716150913040000,8968906362.009948700000000
32,1,32,341600,city,115.778670000000010,33.844591999999999,亳州市,亳州,341600,0137,341600,67,600645.659138992310000,8530340658.116301500000000
33,1,33,652700,city,82.066362999999996,44.906039000000000,博尔塔拉蒙古自治州,博州,652723,0137,652700,152,926614.741255605010000,25009222453.361183000000000
34,1,34,130900,city,116.838834000000010,38.304476999999999,沧州市,沧州,130982,0137,130900,194,868213.551885415570000,14121690860.837925000000000
35,1,35,542100,city,97.172020000000003,31.140968999999998,昌都市,昌都,542125,0137,542100,303,3111898.188107524500000,110307681824.977490000000000
36,1,36,652300,city,87.308223999999996,44.011181999999998,昌吉回族自治州,昌吉,652324,0137,652300,160,1961330.224738456500000,73696614170.214188000000000
37,1,37,469026,city,109.055739000000000,19.298183999999999,昌江黎族自治县,昌江,469031,0137,468300,239,276154.074116915700000,1594457533.331003200000000
38,1,38,430700,city,111.698784000000000,29.031654000000000,常德市,常德,430726,0137,430700,265,978857.939321177550000,18184056139.490170000000000
39,1,39,320400,city,119.974061000000010,31.811226000000001,常州市,常州,320400,0137,320400,168,573665.363263773030000,4368885263.473558400000000
40,1,40,211300,city,120.450879000000000,41.573762000000002,朝阳市,朝阳,211322,0137,211300,316,1044485.606558989400000,19675542947.009998000000000
41,1,41,445100,city,116.622444000000000,23.657261999999999,潮州市,潮州,445122,0137,445100,127,491435.094132887430000,3103643995.738380900000000
42,1,42,431000,city,113.014984000000000,25.770531999999999,郴州市,郴州,431028,0137,431000,275,1187262.951991089200000,19321716274.346920000000000
43,1,43,510100,city,104.066794000000000,30.572893000000001,成都市,成都,510182,0137,510100,49,805324.574880793570000,12048578000.163404000000000
44,1,44,130800,city,117.962749000000000,40.952942000000000,承德市,承德,130828,0137,130800,193,1424095.201942312100000,39469333050.065903000000000
45,1,45,469023,city,110.006754000000000,19.738520999999999,澄迈县,澄迈县,469027,0137,469900,241,386760.413333501960000,2053274829.839868500000000
46,1,46,341700,city,117.491592000000000,30.664778999999999,池州市,池州,341723,0137,341700,74,631724.809609342600000,8375447847.139469100000000
47,1,47,150400,city,118.886940000000000,42.257843000000001,赤峰市,赤峰,150421,0137,150400,25,2037726.529417455700000,86160461542.660217000000000
48,1,48,451400,city,107.365094000000000,22.377253000000000,崇左市,崇左,451425,0137,451400,135,918228.159325736340000,17346805985.656750000000000
49,1,49,341100,city,118.327944000000000,32.255636000000003,滁州市,滁州,341182,0137,341100,77,930734.602854152560000,13486835337.013950000000000
50,1,50,532300,city,101.527992000000000,25.045513000000000,楚雄彝族自治州,楚雄,532326,0137,532300,13,1128034.811567135200000,28430142896.488678000000000
51,1,51,511700,city,107.467758000000000,31.209121000000000,达州市,达州,511781,0137,511700,57,1077222.893423569900000,16594649096.396049000000000
52,1,52,532900,city,100.267638000000010,25.606486000000000,大理白族自治州,大理,532931,0137,532900,5,1234965.755409036100000,28351472778.691963000000000
53,1,53,210200,city,121.614847999999990,38.914085999999998,大连市,大连,210283,0137,210200,314,2128734.892192539800000,13131522637.243683000000000
54,1,54,230600,city,125.103784000000000,46.589309000000000,大庆市,大庆,230623,0137,230600,352,1110321.531223549000000,21165633644.092907000000000
55,1,55,140200,city,113.300129000000000,40.076763000000000,大同市,大同,140222,0137,140200,103,912402.805078897860000,14095450845.085752000000000
56,1,56,232700,city,124.711526000000010,52.335262000000000,大兴安岭地区,大兴安岭,232722,0137,232700,351,1730162.423569131600000,64738889013.742920000000000
57,1,57,210600,city,124.354450000000000,40.000787000000003,丹东市,丹东,210624,0137,210600,313,854298.172125454060000,14804076048.559654000000000
58,1,58,533100,city,98.584895000000003,24.433353000000000,德宏傣族景颇族自治州,德宏,533122,0137,533100,6,728778.597759233900000,11176052050.505314000000000
59,1,59,510600,city,104.397893999999990,31.126854999999999,德阳市,德阳,510683,0137,510600,48,581217.204081446980000,5943326924.762515100000000
60,1,60,371400,city,116.359381000000000,37.436656999999997,德州市,德州,371423,0137,371400,87,745106.529223782010000,10327120787.837734000000000
61,1,61,533400,city,99.702583000000004,27.818807000000000,迪庆藏族自治州,迪庆,533421,0137,533400,17,1324948.253110768300000,23172154283.597153000000000
62,1,62,469021,city,110.359339000000010,19.681404000000001,定安县,定安县,469025,0137,469700,236,257273.566541966200000,1181367424.773947000000000
63,1,63,621100,city,104.592225000000000,35.606977999999998,定西市,定西,621100,0137,621100,281,1238587.002830842000000,19641424692.145824000000000
64,1,64,469007,city,108.651815000000000,19.095351000000001,东方市,东方,469007,0137,469600,230,296142.137589251560000,2258281475.964850900000000
65,1,65,441900,city,113.751799000000010,23.020672999999999,东莞市,东莞,441900,0137,441900,112,273689.203727008310000,2463811422.273434600000000
66,1,66,370500,city,118.674614000000010,37.433962999999999,东营市,东营,370500,0137,370500,84,659762.729617750270000,7349993339.020204500000000
67,1,67,150600,city,109.781327000000000,39.608266000000000,鄂尔多斯市,鄂尔多斯,150625,0137,150600,27,1816478.780428031500000,86728242110.193268000000000
68,1,68,420700,city,114.894935000000000,30.391141000000001,鄂州市,鄂州,420700,0137,420700,259,273085.335406669240000,1583081095.173907000000000
69,1,69,422800,city,109.488172000000010,30.272155999999999,恩施土家族苗族自治州,恩施州,422822,0137,422800,252,1337069.573634369100000,24076776463.039967000000000
70,1,70,450600,city,108.353846000000000,21.686859999999999,防城港市,防城港,450621,0137,450600,146,883791.618616731840000,5955515953.827735900000000
71,1,71,440600,city,113.121435000000010,23.021477999999998,佛山市,佛山,440600,0137,440600,115,535017.575560899920000,3790333721.552550800000000
72,1,72,350100,city,119.296389000000000,26.074268000000000,福州市,福州,350123,0137,350100,297,2041742.817909901300000,11583392386.651962000000000
73,1,73,210400,city,123.957207999999990,41.880871999999997,抚顺市,抚顺,210423,0137,210400,315,703430.895979481170000,11280514926.896334000000000
74,1,74,361000,city,116.358181000000000,27.949217000000001,抚州市,抚州,361029,0137,361000,183,963162.757359826120000,18814169818.007851000000000
75,1,75,210900,city,121.670272999999990,42.021602000000001,阜新市,阜新,210922,0137,210900,325,618823.169003037740000,10382687385.220591000000000
76,1,76,341200,city,115.814504000000000,32.890478999999999,阜阳市,阜阳,341222,0137,341200,81,747130.130856119680000,10122843226.403969000000000
77,1,77,623000,city,102.910995000000000,34.983409000000002,甘南藏族自治州,甘南,623001,0137,623000,286,1939978.597169952700000,36494001344.722008000000000
78,1,78,513300,city,101.962310000000000,30.049520000000001,甘孜藏族自治州,甘孜,513333,0137,513300,52,3276983.339940147000000,149505377218.948180000000000
79,1,79,360700,city,114.933546000000010,25.830694000000001,赣州市,赣州,360730,0137,360700,187,1554193.001875544900000,39362741696.544777000000000
80,1,80,640400,city,106.242610000000000,36.015855000000002,固原市,固原,640400,0137,640400,64,897551.651045693320000,11260381718.456034000000000
81,1,81,511600,city,106.633088000000000,30.456223999999999,广安市,广安,511600,0137,511600,47,658637.218464894800000,6352330331.542031300000000
82,1,82,510800,city,105.843357000000000,32.435434999999998,广元市,广元,510822,0137,510800,46,948380.354088697470000,16332837139.877804000000000
83,1,83,440100,city,113.264385000000000,23.129110000000001,广州市,广州,440183,0137,440100,116,632881.159611357610000,7202678580.347278600000000
84,1,84,450800,city,109.598926000000010,23.111529999999998,贵港市,贵港,450821,0137,450800,143,752164.150906302620000,10609377581.458639000000000
85,1,85,520100,city,106.630153000000010,26.647660999999999,贵阳市,贵阳,520121,0137,520100,360,652693.998369299460000,8042343846.907795000000000
86,1,86,450300,city,110.179953000000000,25.234479000000000,桂林市,桂林,450324,0137,450300,138,1158159.627309353300000,27679008888.915249000000000
87,1,87,632600,city,100.244808000000010,34.471431000000003,果洛藏族自治州,果洛,632621,0137,632600,338,1822017.517285305100000,73855169571.171097000000000
88,1,88,230100,city,126.534966999999990,45.803775000000002,哈尔滨市,哈尔滨,230126,0137,230100,350,1748831.879368082600000,53083606796.111824000000000
89,1,89,652200,city,93.515224000000003,42.819541000000001,哈密市,哈密,652223,0137,652200,155,1678425.196537339600000,137097630015.710170000000000
90,1,90,632200,city,100.900997000000000,36.954413000000002,海北藏族自治州,海北,632224,0137,632200,340,1752534.031679547200000,32153943622.193882000000000
91,1,91,632100,city,102.104287000000000,36.502039000000003,海东市,海东,632123,0137,632100,339,732808.177114015560000,13054155480.405224000000000
92,1,92,460100,city,110.198286000000000,20.044412000000001,海口市,海口,460100,0137,460100,240,381722.005320716530000,2228360399.587390400000000
93,1,93,632500,city,100.622692000000000,36.296529000000000,海南藏族自治州,海南州,632523,0137,632500,341,1322850.981596478500000,45428065349.040642000000000
94,1,94,632800,city,97.369750999999994,37.377139000000000,海西蒙古族藏族自治州,海西州,632800,0137,632800,342,4379732.758666639200000,308460656089.223270000000000
95,1,95,130400,city,114.538959000000010,36.625594000000000,邯郸市,邯郸,130481,0137,130400,199,702202.315627044180000,12049091595.518248000000000
96,1,96,610700,city,107.023050000000000,33.067225000000001,汉中市,汉中,610729,0137,610700,334,1230795.233714686700000,27078648064.570129000000000
97,1,97,330100,city,120.209789000000000,30.246919999999999,杭州市,杭州,330100,0137,330100,221,963890.716522094100000,16847911053.335283000000000
98,1,98,340100,city,117.227219000000010,31.820591000000000,合肥市,合肥,340121,0137,340100,69,555009.579930206410000,7483801963.137678100000000
99,1,99,653200,city,79.922211000000004,37.114156999999999,和田地区,和田,653227,0137,653200,154,2670515.931225293800000,249138207303.341520000000000
100,1,100,451200,city,108.085261000000000,24.692931000000002,河池市,河池,451221,0137,451200,140,1493170.062467061200000,33487037187.672054000000000
101,1,101,441600,city,114.700961000000010,23.743686000000000,河源市,河源,441622,0137,441600,123,916926.695941834240000,15658668863.463560000000000
102,1,102,371700,city,115.480656000000000,35.233750000000001,菏泽市,菏泽,371725,0137,371700,99,617735.953852549540000,12198797712.072241000000000
103,1,103,451100,city,111.566871000000010,24.403528000000001,贺州市,贺州,451123,0137,451100,144,903014.832184777480000,11745655956.472023000000000
104,1,104,410600,city,114.297309000000000,35.748325000000001,鹤壁市,鹤壁,410600,0137,410600,216,290115.940097449640000,2140844442.497229100000000
105,1,105,230400,city,130.297943000000000,47.350189000000000,鹤岗市,鹤岗,230421,0137,230400,356,871885.986173628250000,14646225354.878611000000000
106,1,106,231100,city,127.528293000000010,50.245128999999999,黑河市,黑河,231121,0137,231100,357,1821098.724736040700000,66882688717.920509000000000
107,1,107,131100,city,115.670177000000000,37.738920000000000,衡水市,衡水,131124,0137,131100,197,639788.942298673560000,8826882505.620378500000000
108,1,108,430400,city,112.572018000000000,26.893367999999999,衡阳市,衡阳,430423,0137,430400,273,918566.573583318040000,15305927685.549812000000000
109,1,109,532500,city,103.374893000000000,23.363244999999999,红河哈尼族彝族自治州,红河,532526,0137,532500,15,1583674.491363972200000,32153141818.064037000000000
110,1,110,150100,city,111.749995000000000,40.842356000000002,呼和浩特市,呼和浩特,150125,0137,150100,23,733422.741661890640000,17173817156.665512000000000
111,1,111,150700,city,119.765558000000000,49.211576000000001,呼伦贝尔市,呼伦贝尔,150784,0137,150700,22,3725394.527618618700000,252872617754.424900000000000
112,1,112,211400,city,120.836939000000000,40.711039999999997,葫芦岛市,葫芦岛,211400,0137,211400,321,756875.211213552630000,10299461203.425934000000000
113,1,113,330500,city,120.086809000000000,30.894410000000001,湖州市,湖州,330522,0137,330500,223,483796.628212841290000,5832390249.245692300000000
114,1,114,431200,city,110.001923000000010,27.569517000000001,怀化市,怀化,431222,0137,431200,267,1809128.570460263900000,27577335222.801052000000000
115,1,115,320800,city,119.113185000000000,33.551051999999999,淮安市,淮安,320826,0137,320800,173,678873.878770603100000,9993805289.177005800000000
116,1,116,340600,city,116.798265000000000,33.955843999999999,淮北市,淮北,340600,0137,340600,75,431847.035116127170000,2733255602.447720500000000
117,1,117,340400,city,117.018399000000000,32.587116999999999,淮南市,淮南,340121,0137,340100,69,555009.579930206410000,7483801963.137678100000000
118,1,118,421100,city,114.872198999999990,30.453666999999999,黄冈市,黄冈,421181,0137,421100,261,963857.899839284010000,17459629574.552345000000000
119,1,119,632300,city,102.015248000000000,35.519548000000000,黄南藏族自治州,黄南州,632321,0137,632300,345,1001774.995857137600000,18244281788.092793000000000
120,1,120,341000,city,118.338272000000000,29.715185000000002,黄山市,黄山,341000,0137,341000,83,668825.395237891470000,9678027365.632606500000000
121,1,121,420200,city,115.038962000000000,30.201038000000000,黄石市,黄石,420281,0137,420200,262,433849.112821937480000,4583646285.069273900000000
122,1,122,441300,city,114.415612000000000,23.112380999999999,惠州市,惠州,441324,0137,441300,117,1086506.488868126400000,11353091244.022552000000000
123,1,123,230300,city,130.969333000000010,45.295074999999997,鸡西市,鸡西,230381,0137,230300,355,1219872.877386639600000,22492307439.425179000000000
124,1,124,360800,city,114.966567000000000,27.090762999999999,吉安市,吉安,360824,0137,360800,181,1077850.839935950900000,25274507934.935040000000000
125,1,125,220200,city,126.549572000000000,43.837882999999998,吉林市,吉林,220283,0137,220200,31,1057259.145591451600000,27794473666.878929000000000
126,1,126,370100,city,117.120098000000000,36.651200000000003,济南市,济南,370126,0137,370100,91,669208.339081979240000,7998710008.896630300000000
127,1,127,370800,city,116.587282000000000,35.414982000000002,济宁市,济宁,370832,0137,370800,92,917180.608797729950000,11097655293.922979000000000
128,1,128,419001,city,112.602256000000000,35.067199000000002,济源市,济源,410821,0137,410800,212,504122.032950906780000,5913673441.296134900000000
129,1,129,230800,city,130.318878000000010,46.799776999999999,佳木斯市,佳木斯,230833,0137,230800,348,1977968.446668373400000,32741017265.140694000000000
130,1,130,330400,city,120.755470000000000,30.746191000000000,嘉兴市,嘉兴,330421,0137,330400,219,423434.129192295250000,4033921988.102144700000000
131,1,131,620200,city,98.289418999999995,39.772554000000000,嘉峪关市,嘉峪关,620200,0137,620200,279,196551.535544982180000,1326995658.728397600000000
132,1,132,440700,city,113.081542000000000,22.578990000000001,江门市,江门,440784,0137,440700,122,1085887.138123363300000,9349867873.137800200000000
133,1,133,410800,city,113.241823000000000,35.215893000000001,焦作市,焦作,410821,0137,410800,212,504122.032950906780000,5913673441.296134900000000
134,1,134,445200,city,116.372708000000000,23.549700999999999,揭阳市,揭阳,445221,0137,445200,118,592817.000699486700000,5237193065.643881800000000
135,1,135,620300,city,102.188117000000010,38.520716999999998,金昌市,金昌,620321,0137,620300,289,443771.310840868330000,7112476327.849104900000000
136,1,136,330700,city,119.647229000000000,29.079208000000001,金华市,金华,330726,0137,330700,227,717354.116845939770000,10930070039.626369000000000
137,1,137,210700,city,121.126846000000000,41.095685000000003,锦州市,锦州,210726,0137,210700,324,733439.840127347620000,9913279933.037899000000000
138,1,138,140500,city,112.851485999999990,35.490684000000002,晋城市,晋城,140521,0137,140500,107,559425.643144010100000,9415188515.125238400000000
139,1,139,140700,city,112.752652000000000,37.687356999999999,晋中市,晋中,140725,0137,140700,106,997987.490603694810000,16405653885.619038000000000
140,1,140,420800,city,112.199427000000000,31.035395000000001,荆门市,荆门,420881,0137,420800,257,702751.453700780170000,12328493996.478630000000000
141,1,141,421000,city,112.239746000000000,30.335184000000002,荆州市,荆州,421000,0137,421000,256,1042772.882196079500000,14092287595.230234000000000
142,1,142,360200,city,117.178222000000010,29.268944999999999,景德镇市,景德镇,360222,0137,360200,185,501787.664842587370000,5266602887.903138200000000
143,1,143,360400,city,115.952914000000010,29.662116999999999,九江市,九江,360430,0137,360400,179,1072006.867342744000000,18831968732.247982000000000
144,1,144,620900,city,98.493926999999999,39.732795000000003,酒泉市,酒泉,620923,0137,620900,288,2716165.239211956500000,167781980611.650480000000000
145,1,145,653100,city,75.989740999999995,39.470460000000003,喀什地区,喀什,653129,0137,653100,156,3121701.245139810300000,110050360724.597600000000000
146,1,146,410200,city,114.307677000000000,34.797966000000002,开封市,开封,410225,0137,410200,207,517000.220988984390000,6257641968.482384700000000
147,1,147,659004,city,81.044542000000007,43.944797999999999,可克达拉市,可克达拉,654003,0137,654000,149,1769083.345029460500000,56574359741.151321000000000
148,1,148,650200,city,84.889206999999999,45.579887999999997,克拉玛依市,克拉玛依,650200,0137,650200,151,632049.147639843750000,7684757172.231794400000000
149,1,149,653000,city,76.167818999999994,39.714525999999999,克孜勒苏柯尔克孜自治州,克州,653001,0137,653000,150,2434907.135778793600000,69941388266.618408000000000
150,0,150,820000,city,113.533265000000000,22.178560999999998,澳门,澳门,,,,0,0.000000000000000,0.000000000000000
151,1,151,469003,city,109.576781999999990,19.517486000000002,儋州,儋州,469003,0137,469300,235,547280.608374945240000,3236518325.321319100000000
152,1,152,530100,city,102.832891000000000,24.880095000000001,昆明市,昆明,530100,0137,530100,9,1274413.029304871100000,20998718500.556065000000000
153,1,153,540100,city,91.172148000000007,29.652341000000000,拉萨市,拉萨,540122,0137,540100,301,1124831.181316121200000,29605083714.618076000000000
154,1,154,451300,city,109.221464999999990,23.750305999999998,来宾市,来宾,451324,0137,451300,136,947620.805464004630000,13387265303.055626000000000
155,1,155,371200,city,117.676723000000000,36.213813000000002,莱芜市,莱芜,371200,0137,371200,98,256573.483849597540000,2253652389.453410100000000
156,1,156,620100,city,103.834303000000010,36.061089000000003,兰州市,兰州,620121,0137,620100,278,808316.185100207340000,13318367238.804766000000000
157,1,157,131000,city,116.683752000000000,39.538046999999999,廊坊市,廊坊,131082,0137,131000,191,750825.982780561550000,6395667765.961032900000000
158,1,158,469027,city,109.173053999999990,18.750259000000000,乐东黎族自治县,乐东,469033,0137,468400,232,294730.281676900340000,2758648802.439886600000000
159,1,159,511100,city,103.765677999999990,29.552115000000001,乐山市,乐山,511126,0137,511100,40,862376.353107444010000,12813816007.193775000000000
160,1,160,530700,city,100.227750000000000,26.855046999999999,丽江市,丽江,530724,0137,530700,3,1100305.780142348500000,20581426082.001308000000000
161,1,161,320700,city,119.221611000000000,34.596653000000003,连云港市,连云港,320721,0137,320700,176,609478.794115327070000,7396113500.537453700000000
162,1,162,513400,city,102.267712000000000,27.881570000000000,凉山彝族自治州,凉山,513422,0137,513400,42,2290112.316595538100000,60114966334.904633000000000
163,1,163,211000,city,123.236974000000000,41.267794000000002,辽阳市,辽阳,211081,0137,211000,322,437072.962147884890000,4750337516.425858500000000
164,1,164,220400,city,125.143660000000000,42.887765999999999,辽源市,辽源,220421,0137,220400,37,404236.992906518280000,5147450222.333320600000000
165,1,165,371500,city,115.985389000000000,36.456684000000003,聊城市,聊城,371526,0137,371500,97,493737.244235770600000,8654493279.487955100000000
166,1,166,542600,city,94.361490000000003,29.649128000000001,林芝市,林芝,542622,0137,542600,304,2851475.456092265000000,114637418083.443130000000000
167,1,167,530900,city,100.088790000000000,23.883955000000000,临沧市,临沧,530921,0137,530900,2,964451.031948492750000,23626386319.485199000000000
168,1,168,141000,city,111.518975000000000,36.088005000000003,临汾市,临汾,141032,0137,141000,101,957115.735211498570000,20303064208.581619000000000
169,1,169,469024,city,109.690507999999990,19.912025000000000,临高县,临高县,469028,0137,468100,231,232631.718030080260000,1306218476.834410000000000
170,1,170,622900,city,103.210655000000000,35.601351999999999,临夏回族自治州,临夏,622926,0137,622900,277,571997.186252778280000,8054227587.967445400000000
171,1,171,371300,city,118.356414000000000,35.104672999999998,临沂市,临沂,371323,0137,371300,85,924242.764803082800000,17210593381.442982000000000
172,1,172,469028,city,110.037503000000000,18.506048000000000,陵水黎族自治县,陵水,469034,0137,468500,245,262447.213312069300000,1092651281.389653000000000
173,1,173,450200,city,109.428608000000000,24.326291000000001,柳州市,柳州,450226,0137,450200,137,1235931.117253046900000,18588466032.421616000000000
174,1,174,341500,city,116.520139000000000,31.735455999999999,六安市,六安,341521,0137,341500,68,933454.684352125160000,18435234624.582245000000000
175,1,175,520200,city,104.830457999999990,26.592707000000001,六盘水市,六盘水,520221,0137,520200,307,828834.315544171490000,9898847317.469738000000000
176,1,176,350800,city,117.017295000000000,25.075119000000001,龙岩市,龙岩,350821,0137,350800,299,979271.288151523910000,19048770274.680546000000000
177,1,177,621200,city,104.960851000000010,33.370680000000000,陇南市,陇南,621226,0137,621200,290,1358664.071288896000000,27852836367.636585000000000
178,1,178,431300,city,111.994482000000000,27.700270000000000,娄底市,娄底,431322,0137,431300,263,741260.701574526960000,8103494149.064696300000000
179,1,179,510500,city,105.442285000000000,28.871804999999998,泸州市,泸州,510521,0137,510500,51,1034807.151182581000000,12249043674.949095000000000
180,1,180,410300,city,112.453926000000000,34.620201999999999,洛阳市,洛阳,410323,0137,410300,209,801727.520283251300000,15220713675.723167000000000
181,1,181,411100,city,114.016536000000000,33.580872999999997,漯河市,漯河,411122,0137,411100,210,340821.626956625260000,2700405249.765356100000000
182,1,182,141100,city,111.144699000000000,37.519126000000000,吕梁市,吕梁,141123,0137,141100,102,966651.630382583590000,21124469728.328773000000000
183,1,183,340500,city,118.507011000000010,31.670439999999999,马鞍山市,马鞍山,340500,0137,340500,82,229477.206051250510000,1699921588.880250200000000
184,1,184,440900,city,110.925439000000000,21.662991000000002,茂名市,茂名,440983,0137,440900,130,886701.465437399690000,11372210357.857166000000000
185,1,185,511400,city,103.848403000000000,30.076993999999999,眉山市,眉山,511422,0137,511400,53,785959.668808855930000,7197281363.856006600000000
186,1,186,441400,city,116.122523000000000,24.288578000000001,梅州市,梅州,441426,0137,441400,119,877983.416165498320000,15905471033.530434000000000
187,1,187,510700,city,104.679004000000010,31.467459000000002,绵阳市,绵阳,510727,0137,510700,54,1245700.616289948300000,20253021668.256950000000000
188,1,188,231000,city,129.633168000000010,44.551653000000002,牡丹江市,牡丹江,231025,0137,231000,353,1384206.854017258600000,38767146991.255363000000000
189,1,189,542400,city,92.052064000000001,31.476479000000001,那曲市,那曲,542425,0137,542400,305,4753825.597443321700000,352272290086.822200000000000
190,1,190,360100,city,115.858198000000000,28.682891999999999,南昌市,南昌,360122,0137,360100,180,557719.978109081970000,7401773437.939642900000000
191,1,191,511300,city,106.110698000000000,30.837793000000001,南充市,南充,511381,0137,511300,43,840611.766912528430000,12479413569.374060000000000
192,1,192,320100,city,118.796682000000000,32.059570000000001,南京市,南京,320100,0137,320100,165,703744.483825513280000,6591233195.867157000000000
193,1,193,450100,city,108.366542999999990,22.817001999999999,南宁市,南宁,450124,0137,450100,134,1188016.208357607200000,22093696696.006771000000000
194,1,194,350700,city,118.177710000000000,26.641774000000002,南平市,南平,350722,0137,350700,292,1187966.069621813300000,26313943747.382877000000000
195,1,195,320600,city,120.894676000000000,31.981142999999999,南通市,南通,320621,0137,320600,166,689353.811786938810000,9103241463.570032100000000
196,1,196,411300,city,112.528308000000000,32.990664000000002,南阳市,南阳,411323,0137,411300,202,1111696.377333104800000,26524274626.740913000000000
197,1,197,511000,city,105.058432000000000,29.580228000000002,内江市,内江,511025,0137,511000,41,676297.538871327070000,5366783071.222562800000000
198,1,198,330200,city,121.622485000000000,29.859971000000002,宁波市,宁波,330282,0137,330200,220,1614761.804987595000000,9100546836.679349900000000
199,1,199,350900,city,119.547932000000000,26.665617000000001,宁德市,宁德,350924,0137,350900,294,2089661.855999574100000,12984882911.534159000000000
200,1,200,533300,city,98.856600000000000,25.817554999999999,怒江傈僳族自治州,怒江,533323,0137,533300,7,1219544.049409572700000,14567493931.306046000000000
201,1,201,510400,city,101.718637000000000,26.582346999999999,攀枝花市,攀枝花,510422,0137,510400,50,650937.031651642410000,7434338799.687388400000000
202,1,202,211100,city,122.170584000000010,40.719847000000001,盘锦市,盘锦,211122,0137,211100,319,472366.741264086620000,3603386316.237266500000000
203,1,203,410400,city,113.192661000000000,33.766168999999998,平顶山市,平顶山,410482,0137,410400,206,623347.886026651250000,7898879665.276118300000000
204,1,204,620800,city,106.665060999999990,35.542605999999999,平凉市,平凉,620826,0137,620800,282,1056879.526085628400000,11111601807.815422000000000
205,1,205,360300,city,113.887083000000000,27.658373000000001,萍乡市,萍乡,360322,0137,360300,186,439619.790844901410000,3830163987.919103600000000
206,1,206,350300,city,119.007777000000000,25.454084000000002,莆田市,莆田,350300,0137,350300,298,746325.599946310280000,3836648952.351188700000000
207,1,207,410900,city,115.029216000000010,35.761828999999999,濮阳市,濮阳,410923,0137,410900,211,516800.365385851760000,4206887002.875289000000000
208,1,208,530800,city,100.966156000000000,22.825154999999999,普洱市,普洱,530825,0137,530800,11,1601730.065753447800000,44245092957.011604000000000
209,1,209,230900,city,131.003082000000010,45.771396000000003,七台河市,七台河,230921,0137,230900,346,552729.884651702250000,6205856018.975915000000000
210,1,210,230200,city,123.918186000000010,47.354348000000002,齐齐哈尔市,齐齐哈尔,230281,0137,230200,358,1693671.454615874700000,42234484679.938316000000000
211,1,211,429005,city,112.899762000000000,30.402166999999999,潜江市,潜江,429005,0137,429200,254,282024.585192451540000,2004714234.062941100000000
212,1,212,522600,city,107.982874000000000,26.583456999999999,黔东南苗族侗族自治州,黔东南,522625,0137,522600,311,1695478.866917687500000,30281069931.730415000000000
213,1,213,522700,city,107.522171000000000,26.253274999999999,黔南布依族苗族自治州,黔南,522702,0137,522700,359,1702524.226453433300000,26200368902.460636000000000
214,1,214,522300,city,104.906397000000000,25.087855999999999,黔西南布依族苗族自治州,黔西南,522323,0137,522300,312,946005.190970859960000,16808747913.035471000000000
215,1,215,450700,city,108.654146000000000,21.979932999999999,钦州市,钦州,450722,0137,450700,145,1056415.039605801200000,10676975298.855989000000000
216,1,216,130300,city,119.518197000000000,39.888700999999998,秦皇岛市,秦皇岛,130321,0137,130300,196,522515.109388803130000,7796772731.797678000000000
217,1,217,370200,city,120.382621000000000,36.067131000000003,青岛市,青岛,370285,0137,370200,100,1208015.061484601600000,11073875902.899775000000000
218,1,218,441800,city,113.056042000000010,23.681774000000001,清远市,清远,441882,0137,441800,125,962852.732822776310000,19006220756.467052000000000
219,1,219,621000,city,107.643570999999990,35.708979999999997,庆阳市,庆阳,621022,0137,621000,283,1161890.468220861900000,27213597426.139133000000000
220,1,220,469002,city,110.474497000000000,19.259134000000000,琼海市,琼海,469002,0137,469200,243,257498.635429912950000,1693722704.119006200000000
221,1,221,469030,city,109.838389000000010,19.033369000000000,琼中黎族苗族自治县,琼中,469036,0137,468700,242,322972.213965047090000,2702396941.705370400000000
222,1,222,330800,city,118.859457000000010,28.970078999999998,衢州市,衢州,330824,0137,330800,226,644240.398597649880000,8845871802.995084800000000
223,1,223,530300,city,103.796167000000000,25.489999000000001,曲靖市,曲靖,530326,0137,530300,12,1352423.403583452100000,28937968008.841328000000000
224,1,224,350500,city,118.675676000000000,24.874131999999999,泉州市,泉州,350526,0137,350500,295,1230072.072252017900000,11098895839.913813000000000
225,1,225,542300,city,88.880583000000001,29.266869000000000,日喀则市,日喀则,542327,0137,542300,302,4211513.029948222500000,180068669021.840880000000000
226,1,226,371100,city,119.526925000000010,35.416733999999998,日照市,日照,371122,0137,371100,88,530634.724029265930000,5332733441.782234200000000
227,1,227,411200,city,111.200367000000000,34.772792000000003,三门峡市,三门峡,411221,0137,411200,200,740634.238308858360000,9928850698.525499300000000
228,1,228,350400,city,117.638678000000000,26.263406000000000,三明市,三明,350429,0137,350400,291,1088918.742064811300000,22959792932.357731000000000
229,1,229,460200,city,109.511771999999990,18.253135000000000,三亚市,三亚,460200,0137,460200,229,418027.770396986450000,1913138826.636967900000000
230,1,230,350200,city,118.089204000000000,24.479664000000000,厦门市,厦门,350200,0137,350200,293,414549.845456807820000,1566099495.687327400000000
231,1,231,542200,city,91.773133999999999,29.237137000000001,山南市,山南,542229,0137,542200,300,1792054.995468662600000,79076459480.216873000000000
232,1,232,440500,city,116.681972000000000,23.354091000000000,汕头市,汕头,440500,0137,440500,120,510725.514062230590000,2101686959.461770500000000
233,1,233,441500,city,115.375431000000010,22.787050000000001,汕尾市,汕尾,441523,0137,441500,121,640837.787401039390000,4855479496.608856200000000
234,1,234,411400,city,115.656339000000000,34.414960999999998,商丘市,商丘,411421,0137,411400,204,699891.598520555530000,10699700306.330521000000000
235,1,235,310000,city,121.473662000000000,31.230371999999999,上海市,上海,310114,0137,310100,1,803177.636692845840000,6854761310.629861800000000
236,1,236,361100,city,117.943433000000000,28.454863000000000,上饶市,上饶,361128,0137,361100,178,1310453.052472311500000,22774708246.462555000000000
237,1,237,440200,city,113.597620000000010,24.810879000000000,韶关市,韶关,440281,0137,440200,132,1087218.022977628700000,18453735813.805698000000000
238,1,238,430500,city,111.467674000000000,27.238949999999999,邵阳市,邵阳,430524,0137,430500,274,1034181.048201566200000,20764725900.867065000000000
239,1,239,330600,city,120.580364000000000,30.030192000000000,绍兴市,绍兴,330621,0137,330600,224,599074.370617390730000,8194829835.133992200000000
240,1,240,440300,city,114.057939000000000,22.543527000000001,深圳市,深圳,440300,0137,440300,124,570755.424982906900000,1950523474.182879200000000
241,1,241,210100,city,123.465035000000000,41.677284000000000,沈阳市,沈阳,210123,0137,210100,318,844858.222945003070000,12847661596.853893000000000
242,1,242,420300,city,110.799291000000000,32.629461999999997,十堰市,十堰,420322,0137,420300,247,1126183.743144797400000,23647605344.886280000000000
243,1,243,659001,city,86.080601999999999,44.306097000000001,石河子市,石河子,659001,0137,659100,161,104869.649312046090000,461826845.770878610000000
244,1,244,130100,city,114.514793000000000,38.042228000000001,石家庄市,石家庄,130131,0137,130100,195,720082.175449682050000,14078684579.118685000000000
245,1,245,640200,city,106.383303000000000,38.983235999999998,石嘴山市,石嘴山,640200,0137,640200,65,310594.350715291630000,4000136791.381512600000000
246,1,246,230500,city,131.141195000000010,46.676417999999998,双鸭山市,双鸭山,230524,0137,230500,349,1248791.447617416300000,22028968793.139038000000000
247,1,247,140600,city,112.432991000000000,39.331854999999997,朔州市,朔州,140623,0137,140600,108,618774.911601703850000,10615072202.262257000000000
248,1,248,220300,city,124.350398000000000,43.166418999999998,四平市,四平,220381,0137,220300,32,880449.933727278020000,14364826000.846153000000000
249,1,249,220700,city,124.825042000000000,45.141548000000000,松原市,松原,220700,0137,220700,34,966340.966216093050000,21158201738.760159000000000
250,1,250,320500,city,120.585728000000000,31.297400000000000,苏州市,苏州,320582,0137,320500,175,631814.662166984170000,8519624072.499400100000000
251,1,251,231200,city,126.968887000000000,46.653844999999997,绥化市,绥化,231226,0137,231200,354,1587716.005661887800000,34910213724.830605000000000
252,1,252,421300,city,113.382515000000000,31.690190999999999,随州市,随州,421300,0137,421300,260,648691.264597711040000,9619699429.558855100000000
253,1,253,510900,city,105.592803000000000,30.532920000000001,遂宁市,遂宁,510922,0137,510900,58,524864.928495499310000,5321000449.799064600000000
254,1,254,654200,city,82.980316000000002,46.745364000000002,塔城地区,塔城,654226,0137,654200,158,2467920.685564389000000,95220274201.210236000000000
255,1,255,331000,city,121.420760000000000,28.656379999999999,台州市,台州,331023,0137,331000,218,1613191.966802739100000,9451055408.022705100000000
256,1,256,140100,city,112.548879000000000,37.870590000000000,太原市,太原,140122,0137,140100,104,573502.498114027550000,6899269628.818639800000000
257,1,257,370900,city,117.087614000000000,36.200251999999999,泰安市,泰安,370900,0137,370900,90,685490.306227188090000,7748522819.212304100000000
258,1,258,321200,city,119.922933000000000,32.455536000000002,泰州市,泰州,321281,0137,321200,172,558806.128522755930000,5799891327.020364800000000
259,1,259,130200,city,118.180193000000000,39.630867000000002,唐山市,唐山,130227,0137,130200,190,921366.475742760350000,13561376994.508013000000000
260,1,260,120000,city,117.200982999999990,39.084158000000002,天津,天津,120114,0137,120100,61,1058737.119264011500000,11847253263.896389000000000
261,1,261,429006,city,113.166078000000000,30.663336999999999,天门市,天门,429006,0137,429300,249,324779.062000820760000,2614618184.011499900000000
262,1,262,620500,city,105.724979000000000,34.580885000000002,天水市,天水,620525,0137,620500,280,894519.628275930300000,14289405425.159994000000000
263,1,263,211200,city,123.726035000000000,42.223827999999997,铁岭市,铁岭,211224,0137,211200,323,835591.232582367370000,12969574550.888988000000000
264,1,264,220500,city,125.939697000000000,41.728400999999998,通化市,通化,220581,0137,220500,38,937357.083582734340000,15586903110.637547000000000
265,1,265,150500,city,122.243444000000000,43.652889000000002,通辽市,通辽,150581,0137,150500,26,1680649.438479243100000,59191342037.705009000000000
266,1,266,610200,city,108.945019000000000,34.897886999999997,铜川市,铜川,610222,0137,610200,337,380489.357802893730000,3890345522.785237800000000
267,1,267,340700,city,117.811539999999990,30.945515000000000,铜陵市,铜陵,340721,0137,340700,80,197795.342997186030000,1065506749.200594700000000
268,1,268,520600,city,109.189598000000000,27.731514000000001,铜仁市,铜仁,522227,0137,522200,310,1290477.844482928500000,18016173299.243168000000000
269,1,269,652100,city,89.189751999999999,42.951303000000003,吐鲁番市,吐鲁番,652122,0137,652100,153,1376074.056204180200000,69624731465.595856000000000
270,1,270,469022,city,110.103415000000000,19.351765000000000,屯昌县,屯昌县,469026,0137,469800,237,215870.051716817570000,1237071465.741713000000000
271,1,271,469006,city,110.391073000000010,18.795142999999999,万宁市,万宁,469006,0137,469500,228,345853.885537694560000,1880868932.822855000000000
272,1,272,371000,city,122.120282000000000,37.513412000000002,威海市,威海,371000,0137,371000,86,1005483.257537119800000,5641690883.498954800000000
273,1,273,370700,city,119.161748000000000,36.706961999999997,潍坊市,潍坊,370783,0137,370700,95,847119.480434681520000,15782870515.859035000000000
274,1,274,610500,city,109.471093999999990,34.520440000000001,渭南市,渭南,610581,0137,610500,335,797507.131092075260000,12940478876.696674000000000
275,1,275,330300,city,120.699361000000000,27.993828000000001,温州市,温州,330324,0137,330300,222,1378436.896808087600000,11440817584.552843000000000
276,1,276,469005,city,110.797717000000010,19.543422000000000,文昌市,文昌,469005,0137,469400,238,444959.262404542530000,2354238764.174752200000000
277,1,277,532600,city,104.216247999999990,23.400732999999999,文山壮族苗族自治州,文山,532626,0137,532600,8,1272910.585410336300000,31380317641.219570000000000
278,1,278,150300,city,106.794216000000010,39.655248000000000,乌海市,乌海,150300,0137,150300,19,287199.253046405330000,1856983060.207238400000000
279,1,279,150900,city,113.132583999999990,40.994785000000000,乌兰察布市,乌兰察布,150929,0137,150900,18,1556384.608641345300000,54648530667.590363000000000
280,1,280,650100,city,87.616848000000005,43.825592000000000,乌鲁木齐市,乌鲁木齐,650100,0137,650100,147,997969.870020955920000,14198151010.641514000000000
281,1,281,320200,city,120.311910000000000,31.491168999999999,无锡市,无锡,320281,0137,320200,171,530339.354352265360000,4608383057.943799000000000
282,1,282,340200,city,118.432941000000000,31.352858999999999,芜湖市,芜湖,340200,0137,340200,78,407118.914244323910000,3371293917.112917400000000
283,1,283,640300,city,106.198913000000000,37.997427999999999,吴忠市,吴忠,640381,0137,640300,63,1161084.346866346700000,15802013337.016039000000000
284,1,284,450400,city,111.279115000000000,23.476962000000000,梧州市,梧州,450423,0137,450400,139,954158.366008501030000,12569868374.722389000000000
285,1,285,659004,city,87.543239999999997,44.166755999999999,五家渠市,五家渠,659004,0137,659400,148,179209.887684792830000,755569646.469074850000000
286,1,286,469001,city,109.516925000000000,18.775145999999999,五指山市,五指山,469001,0137,469100,233,193161.103882889090000,1129323139.834946900000000
287,1,287,420100,city,114.305469000000000,30.593174999999999,武汉市,武汉,420100,0137,420100,253,696944.669728113920000,8569904728.097705800000000
288,1,288,620600,city,102.638201000000000,37.928266999999998,武威市,武威,620621,0137,620600,285,1282460.835159522500000,32633681586.923756000000000
289,1,289,610100,city,108.939770000000000,34.341574000000001,西安市,西安,610100,0137,610100,336,697989.786756560670000,10137368955.297363000000000
290,1,290,630100,city,101.778223000000000,36.617134000000000,西宁市,西宁,630121,0137,630100,344,516166.850141839360000,7290353390.534011800000000
291,1,291,532800,city,100.796983999999990,22.009112999999999,西双版纳傣族自治州,西双版纳,532822,0137,532800,16,916330.741006753870000,19111468816.133121000000000
292,1,292,152500,city,116.048222000000000,43.933453999999998,锡林郭勒盟,锡盟,152522,0137,152500,28,2927214.973513882600000,201212503850.091130000000000
293,1,293,429004,city,113.423582999999990,30.361438000000000,仙桃市,仙桃,429004,0137,429100,246,302938.664138076420000,2519787152.150995700000000
294,1,294,421200,city,114.322616000000000,29.841362000000000,咸宁市,咸宁,421221,0137,421200,248,669044.775117804410000,9747974712.496694600000000
295,1,295,610400,city,108.709136000000000,34.329870000000000,咸阳市,咸阳,610429,0137,610400,328,719792.888031844280000,10307015043.769293000000000
296,1,296,430300,city,112.944025999999990,27.829795000000001,湘潭市,湘潭,430321,0137,430300,270,548236.502835188880000,5014971229.874992400000000
297,1,297,433100,city,109.738906000000000,28.311950000000000,湘西土家族苗族自治州,湘西,433127,0137,433100,271,889330.141425802370000,15465284788.907450000000000
298,1,298,420600,city,112.122426000000000,32.009016000000003,襄阳市,襄阳,420682,0137,420600,258,941263.432626153690000,19746099824.905190000000000
299,1,299,420900,city,113.957037000000000,30.917766000000000,孝感市,孝感,420922,0137,420900,250,727945.835879716670000,8894574921.768343000000000
300,1,300,140900,city,112.734174000000000,38.416663000000000,忻州市,忻州,140932,0137,140900,105,1058579.470749749300000,25159225279.957661000000000
301,1,301,653200,city,79.922211000000004,37.114156999999999,和田地区,新疆和田县,653227,0137,653200,154,2670515.931225293800000,249138207303.341520000000000
302,1,302,410700,city,113.926762999999990,35.303704000000003,新乡市,新乡,410782,0137,410700,208,579342.342778708550000,8245369393.929528200000000
303,1,303,360500,city,114.917345999999990,27.817807999999999,新余市,新余,360521,0137,360500,184,365079.966063044090000,3167865293.863694700000000
304,1,304,411500,city,114.091193000000000,32.147678999999997,信阳市,信阳,411528,0137,411500,201,1011911.551129223100000,18910694826.370457000000000
305,1,305,130500,city,114.504677000000000,37.070833999999998,邢台市,邢台,130528,0137,130500,198,631620.503502063570000,12460542513.717760000000000
306,1,306,152200,city,122.037657000000000,46.082462000000000,兴安盟,兴安盟,152223,0137,152200,20,1840941.005791604800000,54117080181.184074000000000
307,1,307,321300,city,118.275198000000000,33.963231999999998,宿迁市,宿迁,321322,0137,321300,167,580130.592366611120000,8542869466.545743000000000
308,1,308,341300,city,116.964195000000000,33.647309000000000,宿州市,宿州,341321,0137,341300,72,916069.918733254190000,9940041931.462017100000000
309,1,309,320300,city,117.284124000000010,34.205767999999999,徐州市,徐州,320322,0137,320300,169,910527.556700692510000,11210648844.719307000000000
310,1,310,411000,city,113.852453999999990,34.035770999999997,许昌市,许昌,411081,0137,411000,213,478362.839707061180000,4978698467.471244800000000
311,1,311,341800,city,118.758680000000000,30.940194999999999,宣城市,宣城,341800,0137,341800,71,782176.153692451420000,12297453533.219629000000000
312,1,312,511800,city,103.042375000000010,30.010601999999999,雅安市,雅安,511827,0137,511800,60,901998.712070286510000,15067826732.995588000000000
313,1,313,370600,city,121.447852000000000,37.464539000000002,烟台市,烟台,370634,0137,370600,96,1278686.762287197600000,13659324355.813404000000000
314,1,314,610600,city,109.494112000000000,36.651381000000001,延安市,延安,610623,0137,610600,332,1507236.422186432400000,36971005614.474449000000000
315,1,315,222400,city,129.471868000000000,42.909407999999999,延边朝鲜族自治州,延边,222424,0137,222400,33,1723785.343278175900000,43241576143.303589000000000
316,1,316,320900,city,120.163107000000000,33.347707999999997,盐城市,盐城,320921,0137,320900,174,829895.505860853360000,15403771884.501068000000000
317,1,317,321000,city,119.412938999999990,32.394208999999996,扬州市,扬州,321023,0137,321000,170,537670.318578153150000,6646433056.417618800000000
318,1,318,441700,city,111.982589000000000,21.857887000000002,阳江市,阳江,441781,0137,441700,131,817107.083709023540000,7839891196.782144500000000
319,1,319,140300,city,113.580519000000000,37.856971000000001,阳泉市,阳泉,140322,0137,140300,111,392697.248510041510000,4564457925.825346900000000
320,1,320,230700,city,128.841125000000010,47.727535000000003,伊春市,伊春,230722,0137,230700,347,1515215.652257016200000,32828717137.372169000000000
321,1,321,654000,city,81.324135999999996,43.916823000000001,伊犁哈萨克自治州,伊犁,654003,0137,654000,149,1769083.345029460500000,56574359741.151321000000000
322,1,322,511500,city,104.642844999999990,28.752134000000002,宜宾市,宜宾,511521,0137,511500,44,878645.051461434810000,13281613121.697206000000000
323,1,323,420500,city,111.286445000000000,30.691865000000000,宜昌市,宜昌,420526,0137,420500,251,918481.119857344080000,21232309910.789646000000000
324,1,324,360900,city,114.416785000000000,27.815743000000001,宜春市,宜春,360925,0137,360900,182,1126784.600079818400000,18659723542.394222000000000
325,1,325,430900,city,112.355129000000010,28.554348999999998,益阳市,益阳,430921,0137,430900,272,998312.652182613380000,12319425614.264269000000000
326,1,326,640100,city,106.230909000000000,38.487192999999998,银川市,银川,640122,0137,640100,66,525594.503031512490000,7309213636.769077300000000
327,1,327,360600,city,117.042173000000010,28.272537000000000,鹰潭市,鹰潭,360681,0137,360600,188,374766.373400224260000,3564569088.740854300000000
328,1,328,210800,city,122.219458000000000,40.625363999999998,营口市,营口,210882,0137,210800,320,562645.769596447700000,5312437712.583851800000000
329,1,329,431100,city,111.613418000000000,26.419640999999999,永州市,永州,431122,0137,431100,269,1168817.875531895800000,22277714635.552940000000000
330,1,330,610800,city,109.734474000000010,38.285369000000003,榆林市,榆林,610822,0137,610800,333,1973528.595687533700000,42997238356.838478000000000
331,1,331,450900,city,110.181220000000000,22.654032000000001,玉林市,玉林,450921,0137,450900,141,877930.330356593590000,12823285918.563471000000000
332,1,332,632700,city,97.091933999999995,33.011673999999999,玉树藏族自治州,玉树州,632726,0137,632700,343,3426951.006002544900000,197333994775.286590000000000
333,1,333,530400,city,102.527197000000000,24.347324000000000,玉溪市,玉溪,530425,0137,530400,14,1246637.822728625500000,14974978329.638802000000000
334,1,334,430600,city,113.128730000000000,29.356802999999999,岳阳市,岳阳,430682,0137,430600,264,1007746.649703979000000,14839537434.686052000000000
335,1,335,445300,city,112.044490999999990,22.915094000000000,云浮市,云浮,445322,0137,445300,114,653774.978858270570000,7791205452.828662900000000
336,1,336,140800,city,111.007459999999990,35.026516000000001,运城市,运城,140825,0137,140800,109,685144.605055910070000,14248756813.110895000000000
337,1,337,370400,city,117.323725000000000,34.810487999999999,枣庄市,枣庄,370400,0137,370400,89,369931.446596283290000,4567343998.799641600000000
338,1,338,440800,city,110.356639000000000,21.270144999999999,湛江市,湛江,440881,0137,440800,126,1654755.504407540000000,12142501254.929722000000000
339,1,339,430800,city,110.479148000000000,29.117013000000000,张家界市,张家界,430822,0137,430800,266,623062.694796014000000,9553802938.885696400000000
340,1,340,130700,city,114.886252000000000,40.768492999999999,张家口市,张家口,130723,0137,130700,192,1311622.931802549200000,36815273854.206581000000000
341,1,341,620700,city,100.449913000000000,38.925547999999999,张掖市,张掖,620724,0137,620700,284,1743957.907675256000000,38699026554.297401000000000
342,1,342,350600,city,117.647093000000000,24.513024999999999,漳州市,漳州,350629,0137,350600,296,1172603.192653943100000,12558075178.486240000000000
343,1,343,220100,city,125.323513000000010,43.817250999999999,长春市,长春,220182,0137,220100,39,1073227.410580022500000,20538941418.858120000000000
344,1,344,430100,city,112.938884000000000,28.228079999999999,长沙市,长沙,430121,0137,430100,276,892256.285489603180000,11816356316.772541000000000
345,1,345,140400,city,113.116404000000000,36.195408999999998,长治市,长治,140429,0137,140400,110,732210.828482051850000,13957998952.981085000000000
346,1,346,530600,city,103.717465000000000,27.338256999999999,昭通市,昭通,530626,0137,530600,10,1248130.910005389200000,22450196263.992859000000000
347,1,347,441200,city,112.465091000000000,23.047191000000002,肇庆市,肇庆,441224,0137,441200,129,788232.693521932470000,14934731960.619410000000000
348,1,348,321100,city,119.425836000000000,32.187849000000000,镇江市,镇江,321182,0137,321100,177,445741.134757451310000,3837237357.756403400000000
349,1,349,410100,city,113.625328000000000,34.746611000000001,郑州市,郑州,410182,0137,410100,214,525913.269431983470000,7564840073.987196000000000
350,1,350,442000,city,113.392770000000000,22.517585000000000,中山市,中山,442000,0137,442000,113,206626.458533350290000,1757205354.698775100000000
351,1,351,640500,city,105.196901999999990,37.499972000000000,中卫市,中卫,640521,0137,640500,62,838289.038854538350000,13128941251.908804000000000
352,1,352,500000,city,106.551643000000000,29.562849000000000,重庆,重庆,500117,0137,500100,327,3311241.154218988500000,82396777068.411118000000000
353,1,353,411600,city,114.696950000000000,33.626148999999998,周口市,周口,411621,0137,411600,203,725788.013653217120000,11980823792.578102000000000
354,1,354,440400,city,113.576677000000000,22.270977999999999,珠海市,珠海,440400,0137,440400,128,903340.187972938410000,1591634487.551920700000000
355,1,355,430200,city,113.133853000000000,27.827985999999999,株洲市,株洲,430200,0137,430200,268,851481.262435506450000,11249832660.386034000000000
356,1,356,411700,city,114.022246999999990,33.012884999999997,驻马店市,驻马店,411721,0137,411700,215,834813.628197686510000,15083203535.890928000000000
357,1,357,512000,city,104.627636000000000,30.128900999999999,资阳市,资阳,512081,0137,512000,56,750694.407590222780000,7968710023.334432600000000
358,1,358,370300,city,118.055019000000000,36.813546000000002,淄博市,淄博,370322,0137,370300,93,618452.636075599700000,5982899299.038400700000000
359,1,359,510300,city,104.778442000000000,29.339030000000001,自贡市,自贡,510321,0137,510300,55,633190.456759071210000,4370529815.530199100000000
360,1,360,520300,city,106.927389000000010,27.725653999999999,遵义市,遵义,520325,0137,520300,309,1766180.187801851400000,30766442043.375542000000000